<!-- Aseprite -->
<!-- Copyright (C) 2019-2022  Igara Studio S.A. -->
<!-- Copyright (C) 2001-2018  David Capello -->
<gui>
  <window id="file_selector" text="">
  <vbox id="main">
    <box horizontal="true">
      <hbox noborders="true">
        <button text="" id="go_back_button" style="go_back_button"
                tooltip="@.go_back_button_tooltip" tooltip_dir="bottom" />
        <button text="" id="go_forward_button" style="go_forward_button"
                tooltip="@.go_forward_button_tooltip" tooltip_dir="bottom" />
      </hbox>
      <button text="" id="go_up_button" style="go_up_button"
              tooltip="@.go_up_button_tooltip" tooltip_dir="bottom" />
      <button text="" id="new_folder_button" style="new_folder_button"
              tooltip="@.new_folder_button_tooltip" tooltip_dir="bottom" />
      <buttonset id="view_type" columns="3">
        <item icon="list_view" tooltip="@.list_view_button_tooltip" tooltip_dir="bottom" />
        <item icon="small_icon_view" tooltip="@.small_icon_view_button_tooltip" tooltip_dir="bottom" />
        <item icon="big_icon_view" tooltip="@.big_icon_view_button_tooltip" tooltip_dir="bottom" />
      </buttonset>
      <combobox id="location" expansive="true" />
      <button text="" id="refresh_button" style="refresh_button"
                tooltip="@.refresh_button_tooltip" tooltip_dir="bottom" />
      <check id="show_hidden_check" text="@.show_hidden" />
    </box>
    <vbox id="file_view_placeholder" expansive="true" />
    <grid columns="2">
      <label text="@.file_name" />
      <box id="file_name_placeholder" cell_align="horizontal" />

      <label text="@.file_type" />
      <hbox cell_align="horizontal">
        <combobox id="file_type" minwidth="70" />
        <boxfiller />
        <box horizontal="true" homogeneous="true">
          <button text="@general.ok" closewindow="true" id="ok" magnet="true" minwidth="60" />
          <button text="@general.cancel" closewindow="true" id="cancel" />
        </box>
      </hbox>
    </grid>
  </vbox>
  </window>
</gui>
